YOUR,0.009685894216280957
LIPSTICK,3.863539775141985e-05
ON,0.010126337750647143
THE,0.04237144071398215
FRONT,0.00011976973302940154
OF,0.012738090638643125
MY,0.011710389058455357
I,0.032681682957926055
KNEW,0.0004713518525673222
WOULDNT,0.00018931344898195728
FORGET,0.00040180813661476645
YOU,0.03401460418035004
AND,0.019337016574585635
SO,0.006100529304949195
WENT,0.00019317698875709926
LET,0.0036085461499826142
BLOW,0.00035158211953792065
MIND,0.0011590619325425955
SWEET,0.00047907893211760616
SMELL,9.272495460340765e-05
IN,0.013294440366263571
EVERY,0.0012401962678205772
SINGLE,0.00032067380133678474
DREAM,0.0003670362786384886
WHEN,0.004817834099602056
WE,0.008237066800602712
YOURE,0.0034926399567283546
ONE,0.003604682610207472
HAVE,0.0024301665185643088
DECIDED,6.568017617741374e-05
WHOS,0.00015067805123053743
KIND,0.0003168102615616428
HEY,0.0023992582003631727
SOUL,0.0002820384035853649
SISTER,6.568017617741374e-05
AINT,0.0020129042228489743
THAT,0.010729049955569293
MR,0.0003129467217865008
RADIO,0.00016226867055596337
WAY,0.002781748638102229
MOVE,0.0006838465402001314
FAIR,0.00010817911370397558
KNOW,0.0058648533786655336
DONT,0.006672333191670208
WANT,0.0034230962407757986
TO,0.019452922767839893
MISS,0.00024340300583394506
A,0.0186068075570838
THING,0.0007456631766024031
DO,0.0040335355252482325
TONIGHT,0.0020283583819495424
JUST,0.004983966309933161
TIME,0.0026272070470965496
IM,0.009971796159641463
GLAD,9.272495460340765e-05
LIKE,0.007387088050071476
ME,0.01749797164161805
GAVE,0.00019704052853224124
LIFE,0.0017579105976896032
DIRECTION,0.0001545415910056794
GAME,0.00035158211953792065
SHOW,0.001027701580187768
LOVE,0.008140478306224162
CANT,0.0023992582003631727
DENY,6.181663640227176e-05
HEART,0.00200517714329869
IS,0.006850056021326739
BOUND,6.568017617741374e-05
BEAT,0.0004172622957153344
RIGHT,0.0020129042228489743
OUT,0.0037399065023374415
CHEST,8.886141482826565e-05
BELIEVE,0.0004983966309933161
ALWAYS,0.0007147548584012672
GONNA,0.0019008615693698566
WANNA,0.002855155893829927
CAN,0.003875130394467411
CUT,0.0003090831820113588
WATCHING,0.00016613221033110536
YOUS,7.340725572769772e-05
ONLY,0.001854499092068153
DRUG,8.499787505312367e-05
NEED,0.0021713093536297958
THUG,0.0001777228296565313
DREAMING,6.568017617741374e-05
SEE,0.0021597187343043696
BE,0.007870030521964224
MYSELF,0.0007456631766024031
NOW,0.0037862689796391456
FINALLY,0.00020090406830738323
FACT,0.00010817911370397558
THERES,0.0009040683073832245
NOTHING,0.001035428659738052
WORLD,0.0014179190974771085
WITH,0.005915079395742379
STAND,0.0001815863694316733
THERE,0.001502916972530232
WATCH,0.00030135610246107485
BURN,0.0005795309662712978
WELL,0.0010779275972646139
THATS,0.0013715566201754046
ALL,0.007568674419503148
BECAUSE,0.0002897654831356489
IT,0.016087779623691227
HURTS,0.00022408530695823512
HEAR,0.0006297569833481436
CRY,0.00023953946605880308
LIE,0.0004597612332418962
TELL,0.0017231387397133252
WHAT,0.0046903372870223696
REALLY,0.0009774755631109223
FEELS,0.0002086311478576672
KNIFE,8.113433527798169e-05
BREATHE,0.000254993625159371
BUT,0.005783719043387552
STILL,0.0010933817563651817
FIGHT,0.0003052196422362168
WHILE,0.00045203415369161226
AS,0.0022369895298072094
LONG,0.0007340725572769772
WRONG,0.0004597612332418962
ITS,0.004041262604798516
FLIGHT,4.2498937526561835e-05
HIGH,0.0005447591082950199
OFF,0.0011165629950160337
HER,0.0023644863423868947
DRUNK,0.00021635822740795116
FROM,0.002689023683498822
HATE,0.0004172622957153344
PAINT,5.408955685198779e-05
MORE,0.0015145075918556582
BEFORE,0.000780435034578681
ABOUT,0.0018583626318432948
DROWN,5.795309662712978e-05
SHE,0.0026774330641733957
FUCKIN,0.00013522389212996947
WHERE,0.0014720086543290962
LEAVING,0.0001584051307808214
COME,0.0034965034965034965
WERE,0.003025151643936174
RUNNIN,0.00042498937526561835
BACK,0.002352895723061469
HERE,0.002078584399026388
GO,0.004215121894679905
AGAIN,0.0010856546768148979
INSANE,6.181663640227176e-05
CAUSE,0.0030483328825870264
GOIN,0.0001274968125796855
GOOD,0.0016420044044353436
GREAT,0.0003052196422362168
WIND,0.00016613221033110536
AT,0.0029401537688830506
HIS,0.001781091836340455
SHES,0.0003824904377390565
LANE,4.2498937526561835e-05
BAD,0.001035428659738052
FEEL,0.0019626782057721283
EVEN,0.0010817911370397558
NAME,0.001000656801761774
LAID,5.408955685198779e-05
HANDS,0.0011165629950160337
ILL,0.002360622802611753
NEVER,0.002816520496078507
LOW,0.0003554456593130626
GUESS,0.00018931344898195728
OWN,0.00046362477301703823
STRENGTH,4.2498937526561835e-05
EVER,0.0011513348529923115
SOMEBODY,0.000517714329869026
MUCH,0.0006104392844724336
EM,0.0006915736197504153
MEET,0.00015067805123053743
HIT,0.0004327164548159023
GOT,0.004392844724336437
WARM,9.272495460340765e-05
FEELIN,0.0002781748638102229
YEAH,0.007657535834331415
THEM,0.001074064057489472
USED,0.0003902175172893405
GET,0.003674226326160028
GETTIN,0.0001777228296565313
SICK,0.00027431132403508095
LOOKIN,0.0001584051307808214
YOUD,0.00014681451145539544
NOTHIN,7.72707955028397e-05
HURT,0.0003554456593130626
EACH,0.0003708998184136306
OTHERS,0.0001815863694316733
FACE,0.000533168488969594
WORDS,0.0003129467217865008
PUSH,6.954371595255573e-05
PULL,0.00019317698875709926
HAIR,0.00019317698875709926
BIT,0.000266584244484797
THROW,0.0001777228296565313
DOWN,0.0029633350075339024
LOST,0.0004906695514430321
RAGE,5.022601707684581e-05
TOOK,0.00042885291504076036
OVER,0.0014333732565776764
BOTH,0.00028590194336050687
THEY,0.0027701580187768035
SAY,0.0026658424448479695
BEST,0.0006645288413244214
WAYS,9.658849437854963e-05
YA,0.0011667890120928795
TODAY,0.0001043155739288336
WAS,0.0037437700421125834
YESTERDAY,8.886141482826565e-05
DIFFERENT,0.0001854499092068153
DAY,0.0011822431711934474
SOUND,0.00019704052853224124
BROKEN,0.0003554456593130626
RECORDS,6.568017617741374e-05
NEXT,0.0004597612332418962
YOULL,0.0005949851253718657
ANOTHER,0.0006452111424487115
CHANCE,0.0003631727388633466
NO,0.0054862264807016186
LIED,3.863539775141985e-05
LEAVE,0.0006529382219989955
WINDOW,0.00012363327280454352
WHY,0.0010431557392883359
CALL,0.001066336977939188
SAID,0.0013136035235482748
THINGS,0.0007572537959278291
DID,0.0006877100799752734
DIDNT,0.0004211258354904764
MEAN,0.0007533902561526871
THEN,0.0010779275972646139
FALL,0.0008074798130046749
INTO,0.0011397442336668856
SAME,0.000788162114128965
MINE,0.0005408955685198779
COMES,0.0004095352161650504
BABY,0.005153962060039408
PLEASE,0.000509987250318742
WASNT,0.00016613221033110536
MAYBE,0.00047521539234246415
OUR,0.0014720086543290962
ISNT,0.0001313603523548275
CRAZY,0.00044817061391647025
SEEMS,0.0001313603523548275
HAPPENS,3.863539775141985e-05
MEETS,5.795309662712978e-05
TOO,0.0016458679442104857
WALK,0.00042498937526561835
AWAY,0.0014024649383765405
THOUGH,0.00027044778425993894
INSIDE,0.0004211258354904764
PICK,0.00011976973302940154
UP,0.006587335316617085
VOICE,0.00012363327280454352
TALK,0.0007108913186261252
TOLD,0.0004945330912181741
THIS,0.005505544179577329
FAULT,5.408955685198779e-05
LOOK,0.001309739983773133
AIM,4.6362477301703824e-05
WONT,0.0011861067109685895
APOLOGIZE,3.863539775141985e-05
LIES,0.0003554456593130626
TIRED,0.00017385928988138932
GAMES,0.00011590619325425956
LIAR,5.408955685198779e-05
IF,0.00426148437198161
IMA,0.00032453734111192675
TIE,7.72707955028397e-05
BED,0.00021249468763280918
SET,0.0003361279604373527
HOUSE,0.00044817061391647025
FIRE,0.0009156589267086504
WAKE,0.0002047676080825252
MORNING,0.00023181238650851911
P,0.0003399915002124947
GIRL,0.002148128114978944
GRAB,0.0001043155739288336
GLASSES,4.2498937526561835e-05
DOOR,0.000258857164934513
CITY,0.00040180813661476645
LETS,0.0010817911370397558
TEETH,7.340725572769772e-05
BOTTLE,0.00014295097168025344
JACK,0.0001545415910056794
FOR,0.006653015492794498
NIGHT,0.0021674458138546534
COMING,0.0005795309662712978
TALKIN,0.00011204265347911756
TOES,4.6362477301703824e-05
TRYIN,0.0002781748638102229
CLOTHES,6.181663640227176e-05
BOYS,0.00027044778425993894
FAVORITE,9.272495460340765e-05
TRYNA,0.00040180813661476645
LITTLE,0.0013947378588262567
STOP,0.0009272495460340765
MAKE,0.0025692539504694203
POP,0.0003168102615616428
DJ,0.0005833945060464398
SPEAKERS,8.499787505312367e-05
TILL,0.0003168102615616428
SUNLIGHT,8.113433527798169e-05
CLOCK,8.113433527798169e-05
PARTY,0.0007340725572769772
OH,0.006757331066723332
WHOA,0.00047907893211760616
CARE,0.00047521539234246415
BEER,4.2498937526561835e-05
MONEY,0.0006374840628984276
POCKET,5.022601707684581e-05
ALREADY,0.00019704052853224124
ARE,0.0035196847351543483
KICK,6.568017617741374e-05
UNLESS,9.658849437854963e-05
TRY,0.0005756674264961558
TOUCH,0.000792025653904107
HIM,0.0010161109608623421
HE,0.002376076961712321
UNTIL,0.0004443070741413283
US,0.0012479233473708612
OR,0.0016458679442104857
POLICE,8.886141482826565e-05
SHUT,0.00013908743190511145
BUILD,7.340725572769772e-05
BREAK,0.0009195224664837924
PUT,0.0013522389212996947
START,0.0003940810570644825
CAUGHT,0.0001854499092068153
ROMANCE,0.0001545415910056794
GAGA,0.0001274968125796855
DISEASE,5.408955685198779e-05
EVERYTHING,0.0006452111424487115
FREE,0.0004404435343661863
DRAMA,3.863539775141985e-05
HAND,0.0003284008808870687
KISS,0.0003708998184136306
REVENGE,4.2498937526561835e-05
COULD,0.0017501835181393192
WRITE,0.0001274968125796855
LOVERS,0.00013522389212996947
HORROR,5.022601707684581e-05
UH,0.0008036162732295329
BITCH,0.0004211258354904764
FASHION,3.863539775141985e-05
WORK,0.0010083838813120581
FRIENDS,0.0005215778696441679
ET,0.0001043155739288336
EYES,0.0009465672449097864
STARS,0.00028590194336050687
THEYRE,0.00016613221033110536
NOT,0.002831974655179075
FALLS,0.00013522389212996947
PERFECTLY,5.022601707684581e-05
WITHOUT,0.0006877100799752734
TRYING,0.00035158211953792065
BEAUTIFUL,0.0006220299037978596
SAD,0.0001854499092068153
THINK,0.001568597148707646
WOULD,0.0013136035235482748
CHANGE,0.0004674883127921802
AMAZING,0.0001584051307808214
SMILE,0.0001854499092068153
WHOLE,0.0003284008808870687
STOPS,6.568017617741374e-05
LIPS,0.00032067380133678474
SHED,0.00011976973302940154
LAUGH,8.499787505312367e-05
SEXY,0.0002047676080825252
ID,0.0006838465402001314
ASK,0.00017385928988138932
SEARCHING,4.2498937526561835e-05
STAY,0.000784298574353823
BOTHER,3.863539775141985e-05
ASKING,7.340725572769772e-05
OKAY,0.0002356759262836611
WOAH,0.0002897654831356489
SHOUT,8.886141482826565e-05
WHENEVER,3.863539775141985e-05
WILL,0.0015917783873584978
APART,0.000262720704709655
AN,0.0013483753815245528
QUIT,0.00011204265347911756
PLAYING,0.0001043155739288336
SAYIN,9.658849437854963e-05
LOOKED,0.00013522389212996947
FIRST,0.000533168488969594
BROKE,0.0002047676080825252
THOUGHT,0.00037476335818877255
DONE,0.0004056716763899084
WHATEVER,0.000254993625159371
TOGETHER,0.0004211258354904764
PLAY,0.0005563497276204458
COOL,0.000266584244484797
LOSING,0.00011204265347911756
BUY,9.272495460340765e-05
ANYTHING,0.0004095352161650504
ANY,0.0004713518525673222
RING,9.658849437854963e-05
PIECES,7.72707955028397e-05
FIX,0.00010817911370397558
SHAKE,0.0004597612332418962
TIL,0.0005988486651470077
AROUND,0.00103156511996291
HAD,0.001812000154541591
NOBODY,0.0004327164548159023
CAME,0.0005988486651470077
BETWEEN,0.00023181238650851911
NOR,3.863539775141985e-05
ABOVE,0.0001274968125796855
GOING,0.0006722559208747054
WOKE,8.499787505312367e-05
MADE,0.0009349766255843604
SKIP,3.863539775141985e-05
STREET,0.00011590619325425956
SCHOOL,8.499787505312367e-05
WEEKEND,8.886141482826565e-05
KNOWS,0.0002897654831356489
BREAKING,0.00011976973302940154
KEEP,0.0014333732565776764
SAYING,0.00030135610246107485
GONE,0.00037476335818877255
DANCE,0.0011938337905188735
FLOOR,0.000509987250318742
PLANS,9.272495460340765e-05
WEARING,3.863539775141985e-05
GIVE,0.0019047251091449987
SOME,0.0012170150291697253
SPACE,0.00022022176718309314
GOES,0.0004056716763899084
AIR,0.0003631727388633466
SOMETIMES,0.0003399915002124947
GOTTA,0.0011629254723177374
CELEBRATE,9.658849437854963e-05
LIVE,0.0007031642390758413
GON,0.0005949851253718657
ROCK,0.000513850790093884
CLUB,0.0004095352161650504
LIGHT,0.0007417996368272612
DYNAMITE,5.022601707684581e-05
ONCE,0.0003399915002124947
TWICE,8.886141482826565e-05
CREW,5.795309662712978e-05
FUCK,0.00032067380133678474
TAKE,0.0021983541320557895
LAST,0.0007456631766024031
STANDING,0.00016226867055596337
HIGHER,0.00037476335818877255
YO,0.0005022601707684581
STORY,0.00022794884673337713
SOMETHING,0.0011049723756906078
GETS,0.0001777228296565313
KINDA,0.00016999575010624734
RED,0.0003361279604373527
TRUTH,0.0003670362786384886
IVE,0.001305876443997991
BY,0.0017849553761155972
HONESTLY,8.113433527798169e-05
SWEAR,0.00014295097168025344
SAW,0.0003168102615616428
BEEN,0.002279488467333771
THOSE,0.00042498937526561835
EARS,4.2498937526561835e-05
SECRETS,9.272495460340765e-05
PERFECT,0.0005022601707684581
JUMP,0.00014295097168025344
LINE,0.00034771857976277865
GOD,0.0004868060116678901
HOW,0.0018815438704941467
FAR,0.0003129467217865008
CHASING,6.954371595255573e-05
DRIVING,7.340725572769772e-05
BIG,0.0010933817563651817
BLACK,0.0005833945060464398
CARS,5.795309662712978e-05
PROBLEMS,9.272495460340765e-05
SOLVE,3.863539775141985e-05
ALBUM,0.00012363327280454352
SEND,0.00017385928988138932
STRAIGHT,0.00016226867055596337
GOLD,0.000258857164934513
FLOW,6.181663640227176e-05
OOH,0.0015183711316308001
REASON,0.0001777228296565313
SHAME,0.00016226867055596337
FAMILY,0.0001584051307808214
BLAME,0.00022794884673337713
OOOOH,4.2498937526561835e-05
NEW,0.0009079318471583665
YORK,0.00015067805123053743
GREW,5.022601707684581e-05
TOWN,0.00023181238650851911
FAMOUS,0.00010817911370397558
PLACE,0.000772707955028397
MOVIE,6.954371595255573e-05
NOISE,3.863539775141985e-05
LOUD,0.000254993625159371
STREETS,0.0001043155739288336
ANYWHERE,0.00022408530695823512
SEEING,7.340725572769772e-05
LIGHTS,0.0004983966309933161
FOUND,0.0006027122049221497
DREAMS,0.00027431132403508095
CONCRETE,5.022601707684581e-05
JUNGLE,5.408955685198779e-05
THESE,0.001035428659738052
BRAND,0.0001043155739288336
AVENUE,4.2498937526561835e-05
LADIES,0.00010045203415369161
HARD,0.000788162114128965
SUCH,0.0003090831820113588
CORNER,7.340725572769772e-05
PRAY,7.340725572769772e-05
TAKES,0.00012363327280454352
BRIDGE,8.113433527798169e-05
SOMEONE,0.0004906695514430321
HUNGER,3.863539775141985e-05
THAN,0.0008731599891820886
EMPTY,0.0001274968125796855
IMMA,9.658849437854963e-05
MEANS,0.00010045203415369161
LOOKING,0.0006838465402001314
PRETTY,0.0002047676080825252
EVERYBODY,0.0007340725572769772
HOT,0.0004404435343661863
RIDE,0.00024340300583394506
THINKING,0.000262720704709655
DOING,0.00019317698875709926
HAHA,7.72707955028397e-05
BOY,0.0012054244098442994
BEG,3.863539775141985e-05
WHO,0.002128810416103234
MAN,0.0012092879496194413
HOLD,0.0009427037051346444
KEEPING,0.00012363327280454352
RISE,0.0001274968125796855
STARE,4.6362477301703824e-05
ZONE,0.00010817911370397558
HANDLE,8.499787505312367e-05
WATCHIN,0.00010045203415369161
EH,0.0006683923810995634
GUETTA,0.00014295097168025344
HELP,0.00027044778425993894
FEELING,0.0007340725572769772
FELT,0.00022408530695823512
WILD,0.000266584244484797
GIRLS,0.0007417996368272612
MELT,3.863539775141985e-05
MANY,0.0004095352161650504
CASH,0.00010817911370397558
BOTTLES,5.795309662712978e-05
STANDIN,5.408955685198779e-05
BALL,0.00011976973302940154
BUSINESS,8.886141482826565e-05
ATTENTION,8.886141482826565e-05
SCREAM,8.113433527798169e-05
BUILDING,3.863539775141985e-05
ROLLIN,6.181663640227176e-05
HOLDIN,0.00010045203415369161
OUTTA,0.0001545415910056794
CONTROL,0.00016999575010624734
SHOTS,5.795309662712978e-05
TEN,7.72707955028397e-05
TIP,4.6362477301703824e-05
SUPER,0.00011204265347911756
RUN,0.0011165629950160337
ICE,0.00019317698875709926
GLOBE,3.863539775141985e-05
READY,0.0006413476026735695
AM,0.0009195224664837924
LADY,0.00016999575010624734
AHH,0.00016226867055596337
BRING,0.0005640768071707298
BODY,0.001263377506471429
SWITCH,6.568017617741374e-05
FLY,0.0003631727388633466
DUMB,0.00011204265347911756
MARRY,0.00019704052853224124
DANCING,0.00029749256268593285
JUICE,9.658849437854963e-05
CARES,0.00010817911370397558
FULL,0.00027044778425993894
SING,0.00029749256268593285
FUN,0.00018931344898195728
SONG,0.0007533902561526871
UNDER,0.0004868060116678901
ARM,4.2498937526561835e-05
HOPE,0.00047907893211760616
PROBABLY,9.658849437854963e-05
COOLER,6.181663640227176e-05
SHADES,6.181663640227176e-05
HIDE,0.00022794884673337713
WEAR,6.181663640227176e-05
REMEMBER,0.00046362477301703823
SHOES,6.181663640227176e-05
FEET,0.0001815863694316733
SHIT,0.0004713518525673222
STEPS,3.863539775141985e-05
SEEN,0.00024726654560908705
BEHIND,0.0003090831820113588
PASS,8.886141482826565e-05
SURE,0.000254993625159371
HEAD,0.0008461152107560947
CLOUDS,8.113433527798169e-05
HELLO,0.0001854499092068153
CALLED,0.00017385928988138932
SERVICE,4.2498937526561835e-05
HUH,0.0002936290229107909
SORRY,0.0004713518525673222
CANNOT,0.00011204265347911756
BUSY,5.795309662712978e-05
SECOND,0.00027044778425993894
TEXT,4.2498937526561835e-05
DRINK,0.0003438550399876367
SHOULDVE,8.886141482826565e-05
CALLING,0.0002820384035853649
CALLIN,5.408955685198779e-05
ANYMORE,0.00024340300583394506
LEFT,0.00045589769346675426
HOME,0.000780435034578681
REACH,0.00010045203415369161
TELEPHONE,5.795309662712978e-05
SIPPING,5.408955685198779e-05
PHONE,0.00020090406830738323
ANSWER,7.340725572769772e-05
STATION,6.568017617741374e-05
TAKING,0.000262720704709655
CALLS,6.181663640227176e-05
NUMBER,0.00028590194336050687
CHECK,8.886141482826565e-05
THREE,0.0003168102615616428
GIMME,0.0001313603523548275
STYLE,0.0001274968125796855
TABLE,7.340725572769772e-05
DRIP,5.795309662712978e-05
DROP,0.0002047676080825252
TWO,0.0005756674264961558
HELL,0.00022022176718309314
SOBER,6.181663640227176e-05
ACTIN,6.568017617741374e-05
YOUNGER,6.568017617741374e-05
ADAM,4.2498937526561835e-05
WHATAYA,8.886141482826565e-05
ADELE,8.113433527798169e-05
ROLLING,0.00012363327280454352
DEEP,0.000509987250318742
EYED,5.408955685198779e-05
PEAS,6.181663640227176e-05
BOOM,0.0008886141482826566
DIRTY,0.00022408530695823512
BOB,5.408955685198779e-05
MAGIC,0.0001777228296565313
FEAT,0.005420546304524205
BRITNEY,0.0001043155739288336
SPEARS,0.0001043155739288336
BRUNO,0.00013908743190511145
MARS,0.00013908743190511145
SIMPSON,3.863539775141985e-05
FLO,8.886141482826565e-05
RIDA,7.340725572769772e-05
EAST,0.0001545415910056794
WAITING,0.0003399915002124947
OUTSIDE,9.272495460340765e-05
LINES,8.113433527798169e-05
RAE,0.00011204265347911756
JASON,0.00010045203415369161
DERULO,4.2498937526561835e-05
SOLO,5.795309662712978e-05
JENNIFER,8.499787505312367e-05
LOPEZ,5.022601707684581e-05
PITBULL,8.499787505312367e-05
JONAS,0.00016226867055596337
BROTHERS,0.00013522389212996947
LONGER,7.340725572769772e-05
JUSTIN,0.00047907893211760616
TIMBERLAKE,7.340725572769772e-05
KATY,0.0001584051307808214
PERRY,0.0001815863694316733
CALIFORNIA,0.00016999575010624734
FRIDAY,0.0001313603523548275
KELLY,0.00012363327280454352
KESHA,0.00010817911370397558
KID,0.00023953946605880308
N,0.0001777228296565313
MIKE,0.00017385928988138932
POSNER,4.6362477301703824e-05
MILEY,6.181663640227176e-05
CYRUS,0.00010817911370397558
SEVEN,7.72707955028397e-05
NICKI,0.00027431132403508095
MINAJ,0.00023181238650851911
BASS,0.00042498937526561835
SKY,0.0003863539775141985
OWL,6.181663640227176e-05
PINK,7.72707955028397e-05
RIHANNA,0.0003129467217865008
DE,0.0003708998184136306
SELENA,0.0002047676080825252
GOMEZ,0.0002047676080825252
SCENE,8.499787505312367e-05
YEAR,0.00020090406830738323
RAIN,0.00016613221033110536
NATURALLY,0.00016226867055596337
ROUND,0.0002356759262836611
SAYS,0.0002781748638102229
TAYLOR,0.00025113008538422905
SWIFT,0.00023181238650851911
BELONG,5.022601707684581e-05
TI,0.00011590619325425956
DEAD,0.00024726654560908705
USHER,6.568017617741374e-05
WILLIAM,4.6362477301703824e-05
SMITH,0.00014295097168025344
MIDDLE,0.0001815863694316733
ANNA,7.72707955028397e-05
KENDRICK,0.000266584244484797
ARIANA,0.00014681451145539544
GRANDE,0.00017385928988138932
ZEDD,0.00011204265347911756
HEARTS,0.0003090831820113588
FRIEND,0.00029749256268593285
BANKS,6.568017617741374e-05
BEGGIN,8.113433527798169e-05
THREAD,7.340725572769772e-05
BECKY,5.795309662712978e-05
G,0.00016999575010624734
BUILT,6.568017617741374e-05
CARLY,7.340725572769772e-05
JEPSEN,6.181663640227176e-05
CHARLI,0.0001854499092068153
XCX,0.0001815863694316733
CLAP,6.954371595255573e-05
LLOYD,4.2498937526561835e-05
U,0.000262720704709655
DEMI,7.340725572769772e-05
LOVATO,6.954371595255573e-05
ATTACK,0.00011204265347911756
ED,0.00023953946605880308
SHEERAN,0.00024340300583394506
TEAM,8.499787505312367e-05
SONGS,0.00037862689796391456
DARK,0.0003554456593130626
YOUNG,0.001039292199513194
FIVE,0.0001545415910056794
SECONDS,9.272495460340765e-05
SUMMER,0.0004056716763899084
LOOKS,8.499787505312367e-05
FOSTER,4.6362477301703824e-05
PEOPLE,0.0005061237105436
KICKS,8.886141482826565e-05
GAVIN,4.6362477301703824e-05
HEROES,5.795309662712978e-05
WANTED,0.00023953946605880308
IGGY,6.568017617741374e-05
AZALEA,4.6362477301703824e-05
FANCY,9.272495460340765e-05
IMAGINE,0.00010045203415369161
DRAGONS,8.499787505312367e-05
TEENAGE,4.2498937526561835e-05
DIE,0.0006336205231232856
LANA,9.658849437854963e-05
DEL,0.00011204265347911756
REY,8.886141482826565e-05
MIX,7.340725572769772e-05
WINGS,5.022601707684581e-05
LAUREN,7.72707955028397e-05
LORDE,7.72707955028397e-05
MEGHAN,7.72707955028397e-05
TRAINOR,7.72707955028397e-05
WRECKING,4.6362477301703824e-05
TREES,5.022601707684581e-05
TALKS,0.0001043155739288336
NICK,8.886141482826565e-05
JEALOUS,9.658849437854963e-05
MIDNIGHT,9.272495460340765e-05
MEMORIES,0.00015067805123053743
MAKES,0.000266584244484797
PARAMORE,4.6362477301703824e-05
SLOW,0.0002356759262836611
SHAWN,0.00012363327280454352
MENDES,0.00010045203415369161
HAUNTED,0.00010045203415369161
TROUBLE,0.000254993625159371
SAFE,8.113433527798169e-05
SPARKS,4.6362477301703824e-05
GETTING,0.0006452111424487115
TOVE,0.00010045203415369161
LO,0.00019704052853224124
MOON,0.00021635822740795116
CLARITY,4.6362477301703824e-05
FOXES,3.863539775141985e-05
HAYLEY,5.022601707684581e-05
WILLIAMS,0.00013522389212996947
END,0.00047907893211760616
CALVIN,0.00011590619325425956
HARRIS,0.00013522389212996947
CHAINSMOKERS,0.0001313603523548275
ROSES,5.022601707684581e-05
ROZES,4.6362477301703824e-05
SNAKE,0.00012363327280454352
BIEBER,0.0002897654831356489
SUNSHINE,6.568017617741374e-05
CAKE,0.0001043155739288336
OCEAN,0.00022408530695823512
SENSE,0.00010817911370397558
MAROON,7.72707955028397e-05
YEARS,0.0003902175172893405
NIRVANA,4.2498937526561835e-05
PANIC,5.022601707684581e-05
DISCO,6.954371595255573e-05
ROCKY,7.340725572769772e-05
POPPY,8.113433527798169e-05
THOMAS,5.795309662712978e-05
WIZ,0.0001274968125796855
KHALIFA,0.00010817911370397558
CHARLIE,0.0001313603523548275
PUTH,0.00010817911370397558
VIDEO,0.00015067805123053743
DIAMONDS,0.00011590619325425956
BOX,0.00012363327280454352
EENIE,7.340725572769772e-05
MEENIE,7.340725572769772e-05
MINEY,7.340725572769772e-05
MO,0.00010817911370397558
CATCH,0.00013522389212996947
CHICK,4.2498937526561835e-05
TOE,5.408955685198779e-05
HOLLA,4.6362477301703824e-05
KEEPS,8.113433527798169e-05
CLOSER,0.00013522389212996947
SEEM,0.00023953946605880308
TYPE,8.886141482826565e-05
AFTER,0.0005718038867210137
ALONE,0.000529304949194452
WASTE,0.0001274968125796855
WISH,0.0003863539775141985
SHORTY,8.113433527798169e-05
LOVER,0.0002356759262836611
MISSING,0.0001815863694316733
PARADISE,0.00018931344898195728
ROLL,0.000254993625159371
DICE,4.2498937526561835e-05
OTHER,0.0005640768071707298
GUYS,5.022601707684581e-05
THROUGH,0.0011281536143414597
LA,0.003357416064598385
INTERNATIONAL,0.00013908743190511145
TRUE,0.0004095352161650504
OWE,3.863539775141985e-05
PICTURES,5.022601707684581e-05
LOSE,0.0007379360970521192
TURN,0.001054746358613762
TOP,0.0004056716763899084
ROOF,7.340725572769772e-05
HAS,0.0007417996368272612
FREAKY,4.2498937526561835e-05
BORN,0.00027431132403508095
TELLIN,4.2498937526561835e-05
STONE,0.00020090406830738323
MESSIN,7.72707955028397e-05
BADDEST,5.795309662712978e-05
HONEY,0.00013522389212996947
WHATS,0.00046362477301703823
MIRROR,8.499787505312367e-05
WALL,0.00011976973302940154
DADDY,0.0002047676080825252
YALL,0.0001545415910056794
HATERS,8.886141482826565e-05
BETTER,0.0007572537959278291
STEP,0.00012363327280454352
WELCOME,0.00010817911370397558
BEGINNING,5.795309662712978e-05
MAY,0.0006258934435730016
ALEJANDRO,0.00011204265347911756
EN,0.00016226867055596337
SU,5.795309662712978e-05
FINGER,7.340725572769772e-05
POINT,0.00013908743190511145
CHOOSE,8.499787505312367e-05
BABE,0.0006993006993006993
SMOKE,0.0001313603523548275
CIGARETTE,3.863539775141985e-05
HUSH,5.795309662712978e-05
FLAMES,8.499787505312367e-05
BURNED,9.658849437854963e-05
HES,0.00014681451145539544
SLEEP,0.00021635822740795116
MAKIN,5.795309662712978e-05
HOPIN,0.00010045203415369161
AGAINST,0.00023181238650851911
YOUVE,0.0004868060116678901
FIND,0.0008808870687323726
LISTEN,0.0001274968125796855
SHOULD,0.0008499787505312367
ADDICTED,3.863539775141985e-05
RUSH,0.00011590619325425956
WORTH,0.000258857164934513
PRICE,8.886141482826565e-05
PAY,0.0001043155739288336
CRASH,6.954371595255573e-05
QUESTION,0.0001043155739288336
DRUM,7.340725572769772e-05
GIVEN,6.954371595255573e-05
MUSIC,0.0006104392844724336
JOB,4.6362477301703824e-05
SELFIE,7.72707955028397e-05
YES,0.00037476335818877255
KNOWN,0.00023181238650851911
THEIR,0.0006799830004249894
TIMES,0.0003554456593130626
EXACTLY,8.499787505312367e-05
ABLE,7.340725572769772e-05
COURSE,0.00012363327280454352
CAREER,4.6362477301703824e-05
LOT,0.00012363327280454352
COULDNT,0.00020090406830738323
FOLLOW,0.0001313603523548275
EARTH,0.00018931344898195728
RETURN,6.954371595255573e-05
LATER,0.0001815863694316733
MOST,0.0004906695514430321
ARTISTS,6.954371595255573e-05
ACT,0.00023181238650851911
PAST,0.0001545415910056794
MUST,0.00041339875594019243
WORST,8.113433527798169e-05
HAHAHA,5.022601707684581e-05
ALSO,0.0002086311478576672
MAKING,0.0001854499092068153
TERRIBLE,0.00012363327280454352
POSSIBLE,5.795309662712978e-05
HITS,4.2498937526561835e-05
SOUNDS,3.863539775141985e-05
EVERYWHERE,0.00010817911370397558
INFLUENCE,6.181663640227176e-05
REMAINS,3.863539775141985e-05
WHICH,0.0008654329096318046
B,0.00027044778425993894
ACTUALLY,6.954371595255573e-05
SINGING,0.00010045203415369161
WOOD,5.022601707684581e-05
ROOM,0.0003129467217865008
JESUS,8.499787505312367e-05
IDEA,6.954371595255573e-05
GUY,0.0003129467217865008
FINE,0.00022022176718309314
QUITE,0.00010817911370397558
BEING,0.00045589769346675426
HONEST,5.408955685198779e-05
HALSEY,0.00022022176718309314
LAW,5.795309662712978e-05
RAISED,5.022601707684581e-05
WHOSE,0.00011976973302940154
LESS,0.0003399915002124947
REST,0.00027431132403508095
OLD,0.0005486226480701619
SINGER,5.795309662712978e-05
ANYWAY,9.272495460340765e-05
DETAIL,6.568017617741374e-05
EMOTION,4.2498937526561835e-05
VERY,0.0002936290229107909
LEVEL,7.340725572769772e-05
AGE,5.022601707684581e-05
CHORUS,4.6362477301703824e-05
ANDREW,0.00010817911370397558
BITE,0.00010045203415369161
TATTOO,7.340725572769772e-05
SHOULDER,4.6362477301703824e-05
SHEETS,6.954371595255573e-05
MATTRESS,8.113433527798169e-05
BOULDER,4.2498937526561835e-05
HARDER,0.0001777228296565313
OLDER,0.0001777228296565313
RECORD,7.340725572769772e-05
ACTUAL,3.863539775141985e-05
PLAYER,6.181663640227176e-05
IMPORTANT,4.6362477301703824e-05
PICTURE,0.00010045203415369161
EXAMPLE,4.2498937526561835e-05
LAND,9.658849437854963e-05
PART,0.000258857164934513
CERTAINLY,6.568017617741374e-05
PERSON,0.00016613221033110536
RACE,3.863539775141985e-05
USELESS,3.863539775141985e-05
USE,0.00014295097168025344
READ,7.340725572769772e-05
COVER,0.00011204265347911756
DA,0.0005447591082950199
DAN,6.568017617741374e-05
BROWN,0.0001854499092068153
HAPPEN,0.00014295097168025344
ESPECIALLY,6.568017617741374e-05
MOMENT,0.000254993625159371
HAVING,0.00016999575010624734
MET,0.000262720704709655
STICKS,7.72707955028397e-05
TONGUE,0.00013908743190511145
NICE,8.113433527798169e-05
FLAME,0.00011204265347911756
HMM,7.340725572769772e-05
WORRY,0.00015067805123053743
FOCUS,0.0001854499092068153
BRINGING,0.0001274968125796855
AH,0.000788162114128965
FOREVER,0.00023953946605880308
BONE,5.022601707684581e-05
COUNT,0.00013908743190511145
FOUR,0.00014295097168025344
HOTEL,8.886141482826565e-05
BAR,0.00014295097168025344
SIGN,0.0001584051307808214
FORGOTTEN,4.6362477301703824e-05
DRINKS,7.72707955028397e-05
BREAKS,8.886141482826565e-05
MOVED,6.181663640227176e-05
CAR,0.0001815863694316733
COMPLETELY,5.022601707684581e-05
MISSED,9.272495460340765e-05
COUPLE,0.00010817911370397558
PAGE,7.72707955028397e-05
KIDS,0.0002047676080825252
ONES,0.00014681451145539544
WROTE,6.181663640227176e-05
REAL,0.0004868060116678901
DEATH,0.0004404435343661863
COUNTRY,0.00013908743190511145
MARK,0.0002086311478576672
STATE,0.0001274968125796855
BECAME,4.6362477301703824e-05
BAND,7.340725572769772e-05
SMALL,0.00011204265347911756
THEYLL,5.022601707684581e-05
STICK,6.568017617741374e-05
TALKING,0.00016226867055596337
TOM,0.0001043155739288336
DOES,0.00016999575010624734
INDEED,8.499787505312367e-05
MISTAKE,5.022601707684581e-05
MAJOR,0.0002086311478576672
BOUGHT,4.2498937526561835e-05
SOON,0.00013908743190511145
STARTS,4.6362477301703824e-05
HIMSELF,0.0002356759262836611
SERIOUS,8.499787505312367e-05
ANYONE,0.0001043155739288336
MESS,0.0001545415910056794
DESIRE,9.658849437854963e-05
AFRAID,0.00017385928988138932
UPON,0.000266584244484797
DAMN,0.0003399915002124947
MESSED,4.2498937526561835e-05
FREAK,0.00016226867055596337
LOVING,0.00022408530695823512
SAVE,0.00023181238650851911
DOWNTOWN,6.954371595255573e-05
HOLE,6.181663640227176e-05
ANIMAL,0.00014295097168025344
ALIVE,0.0004404435343661863
SOMETHIN,0.00029749256268593285
WATER,0.00023181238650851911
REGRET,6.568017617741374e-05
GLITTER,4.6362477301703824e-05
CROWD,0.00013908743190511145
TEAR,0.00012363327280454352
SUN,0.0003708998184136306
TRASH,5.795309662712978e-05
FADED,7.340725572769772e-05
DRIVER,5.022601707684581e-05
SCARED,0.00016613221033110536
HUNDRED,8.886141482826565e-05
LETTERS,6.181663640227176e-05
CUTS,5.795309662712978e-05
DEEPER,5.795309662712978e-05
RATHER,0.00020090406830738323
BLEED,7.340725572769772e-05
SILENCE,0.00011204265347911756
SLOWLY,0.00013908743190511145
KILLING,0.00010045203415369161
SKIN,0.00020090406830738323
FAITH,0.0001313603523548275
WIDE,0.00013522389212996947
AWAKE,0.0001274968125796855
PLACES,0.00019317698875709926
THEYVE,5.795309662712978e-05
MOVES,0.0001854499092068153
FACES,6.954371595255573e-05
KING,0.0003322644206622107
QUEEN,0.00015067805123053743
KNOWING,4.6362477301703824e-05
SPECIAL,7.72707955028397e-05
BRIGHT,0.00020090406830738323
ENOUGH,0.000537032028744736
SHINE,0.0001777228296565313
HEADS,4.2498937526561835e-05
SHINING,5.795309662712978e-05
EVERYDAY,5.022601707684581e-05
MATTER,0.0002820384035853649
FAKE,0.0001815863694316733
EASY,0.00025113008538422905
ANIMALS,0.0001545415910056794
PRETEND,0.00011590619325425956
GOODBYE,0.0001313603523548275
HEAVY,0.00011204265347911756
QUIET,5.408955685198779e-05
UNDERSTAND,0.000266584244484797
YOURSELF,0.000537032028744736
MMM,0.0004327164548159023
BREATH,0.00011590619325425956
THUNDER,6.568017617741374e-05
LIGHTNING,6.954371595255573e-05
MEANT,0.00016613221033110536
MOVING,0.0001043155739288336
FORCE,4.6362477301703824e-05
NATURE,4.2498937526561835e-05
ENERGY,8.886141482826565e-05
ENRIQUE,5.022601707684581e-05
EXCUSE,8.113433527798169e-05
STRONG,0.0001043155739288336
DOESNT,0.0003399915002124947
SCREAMING,0.00011204265347911756
FIESTA,8.113433527798169e-05
BEGGING,8.886141482826565e-05
MIAMI,0.0001313603523548275
WHITE,0.00028590194336050687
WOODS,0.00019317698875709926
JAMES,0.000266584244484797
MICHELLE,6.954371595255573e-05
PA,8.886141482826565e-05
DALE,8.886141482826565e-05
SHAKING,6.181663640227176e-05
ALONG,0.00016226867055596337
FUNNY,6.568017617741374e-05
PUNCH,3.863539775141985e-05
WALLS,0.0002897654831356489
ALRIGHT,0.0004906695514430321
BROUGHT,0.00010817911370397558
REGRETS,3.863539775141985e-05
LIVIN,0.00011204265347911756
BEACH,0.00010817911370397558
PIECE,8.499787505312367e-05
COMPLETE,5.408955685198779e-05
JEANS,6.181663640227176e-05
LOVED,0.00016226867055596337
WET,4.2498937526561835e-05
UNDERNEATH,0.00013908743190511145
CLOSE,0.0005563497276204458
GOLDEN,8.499787505312367e-05
COAST,8.499787505312367e-05
FALLING,0.0003593091990882046
FRESH,0.00010817911370397558
LOCK,6.181663640227176e-05
WEST,0.000262720704709655
SEX,0.0002047676080825252
SNOOP,0.00024726654560908705
DOGG,0.0001815863694316733
FIT,3.863539775141985e-05
DRIVE,0.0001584051307808214
BAY,0.00010045203415369161
ASS,0.00015067805123053743
HANGING,6.568017617741374e-05
DEGREES,3.863539775141985e-05
COUNTING,0.00010817911370397558
PETER,0.00011204265347911756
PAUL,0.0001043155739288336
MARY,3.863539775141985e-05
LOVES,0.00013908743190511145
LIVING,0.00047521539234246415
SIN,6.568017617741374e-05
INNOCENT,5.408955685198779e-05
COMPANY,0.00016226867055596337
PRESENT,7.72707955028397e-05
RAINBOW,6.954371595255573e-05
AWARDS,0.0001274968125796855
ACCOMPLISHMENTS,5.795309662712978e-05
DATE,0.00020090406830738323
APPEARANCES,6.954371595255573e-05
SHOWS,0.00011204265347911756
APPEARANCE,6.568017617741374e-05
DISCOGRAPHY,5.795309662712978e-05
HORNS,7.72707955028397e-05
FILMOGRAPHY,5.795309662712978e-05
MACKLEMORE,5.795309662712978e-05
INTERVIEWS,5.408955685198779e-05
ARTICLE,3.863539775141985e-05
AWARD,0.000262720704709655
JAM,6.954371595255573e-05
BILLBOARD,5.795309662712978e-05
RAP,0.0001313603523548275
WOMEN,0.0001043155739288336
PROJECT,6.181663640227176e-05
ARTIST,9.658849437854963e-05
MTV,4.2498937526561835e-05
BMI,5.795309662712978e-05
R,5.408955685198779e-05
DIES,4.6362477301703824e-05
PRINCESS,4.6362477301703824e-05
SEVENTEEN,5.795309662712978e-05
SWAG,3.863539775141985e-05
HOOD,5.795309662712978e-05
BAG,5.408955685198779e-05
GUCCI,0.0001584051307808214
MANE,0.00011976973302940154
CRASHING,5.022601707684581e-05
DRINKING,4.6362477301703824e-05
FAST,0.000254993625159371
MIGHT,0.00047907893211760616
UNTOUCHABLE,7.72707955028397e-05
FOOT,0.00013522389212996947
WEEK,0.00011976973302940154
BET,0.00011976973302940154
WEEKS,3.863539775141985e-05
MONTHS,6.954371595255573e-05
SMOKING,4.6362477301703824e-05
HOES,5.022601707684581e-05
BOUT,0.0006799830004249894
RAPPER,9.272495460340765e-05
THINKIN,0.00010045203415369161
SOUTH,4.6362477301703824e-05
FERRARI,4.6362477301703824e-05
FLYING,6.181663640227176e-05
NIGGAS,8.499787505312367e-05
WIN,0.00011204265347911756
NIGGA,0.00011590619325425956
CHASE,6.181663640227176e-05
DOPE,5.408955685198779e-05
SINCE,0.00023953946605880308
TURNED,0.0002086311478576672
CHANGED,0.0001545415910056794
SPEAK,0.0001043155739288336
RELEASED,6.568017617741374e-05
SONS,6.568017617741374e-05
BIRTHDAY,9.658849437854963e-05
MILLION,0.00024726654560908705
MILES,0.00013908743190511145
NEAR,9.658849437854963e-05
BOTTOM,6.568017617741374e-05
SEA,7.340725572769772e-05
TRIED,0.00022022176718309314
SLEEPING,8.113433527798169e-05
LONELY,0.0002047676080825252
WORE,3.863539775141985e-05
CROWN,6.954371595255573e-05
HEAVEN,0.0001545415910056794
ANYBODY,4.2498937526561835e-05
COULDVE,5.022601707684581e-05
TIGHT,0.00013908743190511145
LORD,0.0001043155739288336
BOOTY,0.00032453734111192675
MOVIN,0.00016613221033110536
DOIN,0.00020090406830738323
COLOR,6.954371595255573e-05
WORKING,4.6362477301703824e-05
SIDE,0.0007031642390758413
FAME,7.340725572769772e-05
ECSTASY,6.568017617741374e-05
HEELS,4.2498937526561835e-05
STUCK,0.0001545415910056794
STAGE,3.863539775141985e-05
MOONLIGHT,9.658849437854963e-05
MOOD,3.863539775141985e-05
SWING,0.0001777228296565313
CROSS,6.954371595255573e-05
FEELINGS,0.0001043155739288336
WASTED,9.272495460340765e-05
DOLLAR,6.181663640227176e-05
QUICK,5.408955685198779e-05
NAH,0.00027044778425993894
GLORY,7.340725572769772e-05
SHAWTY,3.863539775141985e-05
BASEBALL,6.568017617741374e-05
BAT,7.72707955028397e-05
CAP,6.181663640227176e-05
HOURS,8.886141482826565e-05
FLOWER,6.954371595255573e-05
GIVING,0.0002086311478576672
TRAIN,6.568017617741374e-05
TRACK,0.0001545415910056794
TURNING,6.954371595255573e-05
KILLED,0.00011204265347911756
KISSES,0.00011204265347911756
BUBBLE,4.2498937526561835e-05
KITCHEN,4.6362477301703824e-05
SINK,4.2498937526561835e-05
DOG,0.00014295097168025344
DAYS,0.00046362477301703823
MOTHER,0.00011976973302940154
FATHER,0.00011204265347911756
CHILDREN,0.00013522389212996947
CARRY,0.00013522389212996947
SURVIVE,3.863539775141985e-05
BULLET,6.568017617741374e-05
POOR,6.568017617741374e-05
WOMAN,0.0001815863694316733
FOOD,3.863539775141985e-05
EAT,0.0001545415910056794
REALIZE,4.6362477301703824e-05
MATERIAL,4.2498937526561835e-05
PAIN,0.00024726654560908705
LION,3.863539775141985e-05
ENDS,9.272495460340765e-05
LYING,5.022601707684581e-05
CLEAR,0.00024726654560908705
FEAR,0.00015067805123053743
TEST,5.408955685198779e-05
BLOCK,5.795309662712978e-05
OBAMA,5.408955685198779e-05
LOUIS,0.00010817911370397558
WORD,0.00023953946605880308
LOCA,0.0001854499092068153
TE,0.00016613221033110536
QUE,0.0004597612332418962
BEBE,9.272495460340765e-05
ESTÁ,6.954371595255573e-05
POR,6.568017617741374e-05
Y,0.00030135610246107485
TÚ,8.499787505312367e-05
UN,0.00015067805123053743
MI,0.00021635822740795116
ELLA,8.886141482826565e-05
SE,0.00012363327280454352
HACE,4.2498937526561835e-05
EL,0.0003090831820113588
ES,0.00010817911370397558
COMO,6.181663640227176e-05
AL,4.6362477301703824e-05
VOY,3.863539775141985e-05
SOY,9.272495460340765e-05
CON,0.00012363327280454352
TIGRE,4.6362477301703824e-05
TUS,4.2498937526561835e-05
TU,0.0001313603523548275
TENGO,4.6362477301703824e-05
GUN,0.0001274968125796855
WEVE,0.0001815863694316733
WON,3.863539775141985e-05
WORLDS,7.340725572769772e-05
INFECTED,5.795309662712978e-05
SOMEHOW,5.408955685198779e-05
LIVES,0.00010817911370397558
CRIED,7.72707955028397e-05
DIED,6.568017617741374e-05
LUST,5.408955685198779e-05
LATE,0.0003129467217865008
TRUST,0.00016999575010624734
OW,0.00010045203415369161
FORM,8.499787505312367e-05
KISSING,0.00022794884673337713
DOCTOR,0.00015067805123053743
NEEDED,0.00016613221033110536
WRITTEN,0.00011204265347911756
MESSAGE,8.113433527798169e-05
SEASONS,5.408955685198779e-05
LISTENING,4.2498937526561835e-05
HEARD,0.000262720704709655
CHILD,0.00022022176718309314
SON,0.00011204265347911756
BELIEVING,3.863539775141985e-05
HUNGRY,4.2498937526561835e-05
PLAN,8.886141482826565e-05
NOWHERE,0.0001584051307808214
RUNNING,0.0004211258354904764
SOMEDAY,4.2498937526561835e-05
BODIES,0.00010817911370397558
THANK,0.00013908743190511145
ZOMBIE,4.2498937526561835e-05
SUDDENLY,6.954371595255573e-05
TOMORROW,0.0001584051307808214
OHH,5.408955685198779e-05
EVIL,0.00010817911370397558
HA,6.568017617741374e-05
MAMI,8.886141482826565e-05
WORLDWIDE,5.795309662712978e-05
WOO,0.0004945330912181741
AW,0.00010817911370397558
EVERYONE,0.00018931344898195728
THINKS,4.2498937526561835e-05
CASTLE,0.00020090406830738323
BELIEF,8.113433527798169e-05
FANTASY,6.954371595255573e-05
MANS,5.022601707684581e-05
CAMERA,4.2498937526561835e-05
DARE,9.272495460340765e-05
KINGS,8.499787505312367e-05
BEYOND,5.408955685198779e-05
PERSONS,0.0001313603523548275
WHIPS,3.863539775141985e-05
RICH,0.00022022176718309314
SHOULDNT,6.568017617741374e-05
LUDACRIS,6.954371595255573e-05
FUCKING,0.00011976973302940154
AY,5.795309662712978e-05
FREEDOM,5.795309662712978e-05
SIT,7.72707955028397e-05
WONDER,0.00014295097168025344
MATTERS,5.408955685198779e-05
LOCKED,0.00010817911370397558
KEPT,8.113433527798169e-05
CASES,4.2498937526561835e-05
GREATEST,0.0002356759262836611
BLESSED,3.863539775141985e-05
GODS,4.6362477301703824e-05
OBVIOUS,5.022601707684581e-05
ELSE,0.0003322644206622107
STORM,9.272495460340765e-05
PRINCE,9.272495460340765e-05
DOUBT,0.0001043155739288336
HEARTBREAKER,3.863539775141985e-05
PROBLEM,0.00019317698875709926
COLD,0.0003554456593130626
WOLF,8.886141482826565e-05
DARLING,0.00022022176718309314
ENJOY,9.272495460340765e-05
EXCITED,5.795309662712978e-05
BEATS,7.340725572769772e-05
COLORS,7.72707955028397e-05
PROMISES,5.408955685198779e-05
BRAVE,7.72707955028397e-05
THOUSAND,0.00012363327280454352
BEAUTY,8.886141482826565e-05
HOUR,0.0001043155739288336
BELIEVED,8.499787505312367e-05
SHY,0.00010045203415369161
BLUE,0.00028590194336050687
INSTEAD,7.340725572769772e-05
FLIES,5.795309662712978e-05
MISTAKES,6.181663640227176e-05
TASTE,0.00022794884673337713
YET,0.0004095352161650504
ENDLESS,5.408955685198779e-05
PROMISE,0.00016999575010624734
LEAST,0.0001043155739288336
SECRET,0.00011976973302940154
AMERICAN,0.00023181238650851911
AHEAD,0.00017385928988138932
LAY,0.0002820384035853649
SCARS,0.00013522389212996947
REMIND,3.863539775141985e-05
ALMOST,0.00016226867055596337
TEARS,0.0002781748638102229
PLAYED,6.181663640227176e-05
BEATING,8.886141482826565e-05
OPEN,0.00037862689796391456
MUTHA,6.954371595255573e-05
MEN,0.00019704052853224124
NECK,5.795309662712978e-05
THEMSELVES,8.886141482826565e-05
NONE,9.658849437854963e-05
NATION,4.2498937526561835e-05
POWER,0.00024340300583394506
RAISE,0.0001313603523548275
GLASS,0.00023181238650851911
NINE,3.863539775141985e-05
RESPECT,4.2498937526561835e-05
BEAR,6.954371595255573e-05
GLOW,5.022601707684581e-05
SMILING,3.863539775141985e-05
EAR,5.408955685198779e-05
FIGHTING,8.113433527798169e-05
GIVES,5.795309662712978e-05
CHAMPAGNE,8.499787505312367e-05
BLADE,3.863539775141985e-05
BRAIN,0.00011976973302940154
NUMB,5.795309662712978e-05
DEVIL,0.00011976973302940154
MAD,0.0001545415910056794
GIRLFRIEND,5.408955685198779e-05
DIME,5.022601707684581e-05
EDGE,0.0002086311478576672
HOLLYWOOD,4.6362477301703824e-05
CMON,0.00024340300583394506
GROUND,0.00022408530695823512
WHETHER,6.954371595255573e-05
KNEES,0.00014681451145539544
WAIT,0.0004945330912181741
CAPITAL,5.795309662712978e-05
MAMA,0.0003438550399876367
YOUTH,9.272495460340765e-05
YAH,5.408955685198779e-05
CHURCH,0.00011590619325425956
LIFES,8.499787505312367e-05
SHOOT,0.00010045203415369161
MONSTER,9.272495460340765e-05
FAT,7.72707955028397e-05
KANYE,0.00016226867055596337
HERES,0.00016613221033110536
MOTHERFUCKIN,6.954371595255573e-05
CHAIN,5.022601707684581e-05
MALIBU,4.2498937526561835e-05
GOSH,3.863539775141985e-05
PUSSY,4.2498937526561835e-05
FUTURE,0.0003554456593130626
KONG,4.2498937526561835e-05
COMMON,0.00010817911370397558
STOMP,0.00010817911370397558
MURDER,5.022601707684581e-05
KILL,0.0003631727388633466
VILLAGE,4.6362477301703824e-05
VAMPIRES,0.00014681451145539544
BLOOD,0.0003863539775141985
VEINS,5.022601707684581e-05
CLIMB,5.022601707684581e-05
HOTTER,7.340725572769772e-05
WINE,8.886141482826565e-05
THICK,4.6362477301703824e-05
CROSSED,4.6362477301703824e-05
HEADED,3.863539775141985e-05
JAKE,5.022601707684581e-05
MUSTVE,3.863539775141985e-05
SUCKS,4.6362477301703824e-05
EXPECT,3.863539775141985e-05
DESERVE,5.022601707684581e-05
FACTS,4.2498937526561835e-05
SPOT,9.658849437854963e-05
OPRAH,5.022601707684581e-05
LED,5.795309662712978e-05
SHOT,0.00011204265347911756
FILL,9.272495460340765e-05
CUP,5.795309662712978e-05
DANGEROUS,0.00019317698875709926
RIPPED,3.863539775141985e-05
DANCIN,9.272495460340765e-05
EVERYBODYS,0.00011590619325425956
MINUTE,0.0002936290229107909
MYSTERIOUS,5.022601707684581e-05
TAG,6.954371595255573e-05
BLOWS,5.022601707684581e-05
SIX,8.499787505312367e-05
HALF,0.00010817911370397558
STACK,0.0003322644206622107
KEYS,0.00010045203415369161
ACROSS,0.0001584051307808214
LONDON,9.658849437854963e-05
NAMES,4.6362477301703824e-05
NUMBERS,4.2498937526561835e-05
ROAD,0.00018931344898195728
TURNS,3.863539775141985e-05
FEW,0.00022794884673337713
PARIS,9.658849437854963e-05
CHINA,6.954371595255573e-05
STORIES,5.022601707684581e-05
HAPPY,0.0001815863694316733
FOOL,0.0001274968125796855
AMERICA,0.0001545415910056794
TAKEN,0.00010817911370397558
GRANTED,5.022601707684581e-05
MINDS,0.00014681451145539544
BIGGER,7.340725572769772e-05
FIELDS,4.6362477301703824e-05
COPS,3.863539775141985e-05
PHANTOM,5.022601707684581e-05
HUMAN,0.0002781748638102229
PEACE,0.00014295097168025344
DON,0.00011204265347911756
SPENT,6.181663640227176e-05
HOPING,5.795309662712978e-05
SIGNS,4.6362477301703824e-05
BULLETS,6.954371595255573e-05
PASSED,6.181663640227176e-05
SOLD,4.6362477301703824e-05
AGO,8.113433527798169e-05
SIGHT,6.954371595255573e-05
LOSS,5.408955685198779e-05
SCOTT,0.0001545415910056794
LABEL,8.886141482826565e-05
BOOK,9.272495460340765e-05
RANDOM,3.863539775141985e-05
JOY,6.954371595255573e-05
FREDDIE,5.022601707684581e-05
GREY,0.00014295097168025344
HUNT,7.340725572769772e-05
MICHAEL,0.00013908743190511145
MARTIN,0.00011976973302940154
DEMONS,3.863539775141985e-05
DEM,4.2498937526561835e-05
SPIRITS,3.863539775141985e-05
CRACK,4.6362477301703824e-05
BROTHER,8.113433527798169e-05
CRYING,0.0001815863694316733
BLEEDING,4.2498937526561835e-05
BABIES,3.863539775141985e-05
CRIME,4.2498937526561835e-05
WALKS,8.113433527798169e-05
SYSTEM,6.568017617741374e-05
THERELL,3.863539775141985e-05
WITHIN,5.795309662712978e-05
CHILL,6.568017617741374e-05
LOOSE,0.00010817911370397558
SWEAT,0.00013522389212996947
RHYTHM,0.00013522389212996947
VEGAS,6.181663640227176e-05
AFRICA,4.2498937526561835e-05
ASÍ,5.408955685198779e-05
GUSTA,4.2498937526561835e-05
STEAL,3.863539775141985e-05
KEITH,4.2498937526561835e-05
MOUTH,0.00019317698875709926
TWENTY,0.00010817911370397558
MINUTES,4.6362477301703824e-05
NA,0.003005833945060464
ARMS,0.00016613221033110536
FORTH,7.72707955028397e-05
WHISPER,5.795309662712978e-05
FIGURE,8.499787505312367e-05
SOMEWHERE,0.0001274968125796855
LINKIN,4.2498937526561835e-05
PARK,9.658849437854963e-05
VARIOUS,5.022601707684581e-05
PRESENTS,3.863539775141985e-05
DIRT,0.00013908743190511145
CHRISTMAS,0.00011204265347911756
DAVID,0.00016226867055596337
GREEN,0.00011976973302940154
BRIDGES,4.2498937526561835e-05
ERIC,6.954371595255573e-05
WALKING,0.00010817911370397558
BRUCE,3.863539775141985e-05
STARING,4.6362477301703824e-05
NERVOUS,6.181663640227176e-05
SHIRT,3.863539775141985e-05
WIGGLE,9.658849437854963e-05
HANGIN,4.2498937526561835e-05
FINAL,0.00011590619325425956
ANGEL,0.00013522389212996947
LEAVES,5.022601707684581e-05
LEAD,7.72707955028397e-05
LOVIN,0.00013908743190511145
POISON,4.6362477301703824e-05
VICTIM,6.181663640227176e-05
ALIEN,4.6362477301703824e-05
LUCKY,0.0001313603523548275
STAR,0.00013908743190511145
RISK,4.2498937526561835e-05
TIED,5.408955685198779e-05
DYING,7.340725572769772e-05
REMIX,0.0005215778696441679
LIST,4.6362477301703824e-05
STOPPIN,3.863539775141985e-05
LATELY,7.340725572769772e-05
RELEASE,6.181663640227176e-05
KEY,5.022601707684581e-05
COMIN,9.658849437854963e-05
DOLL,6.181663640227176e-05
NIGHTS,0.00016613221033110536
RENT,4.6362477301703824e-05
JUDAS,0.0001043155739288336
FORGIVE,0.00010045203415369161
HOLY,0.0001274968125796855
CRUEL,4.6362477301703824e-05
LEARNED,6.181663640227176e-05
DEMON,8.886141482826565e-05
REPUTATION,7.340725572769772e-05
RUDE,8.886141482826565e-05
WINTER,5.022601707684581e-05
HOPELESS,8.499787505312367e-05
YELLOW,0.00010045203415369161
SHADOW,8.499787505312367e-05
HEARTBEAT,7.72707955028397e-05
WINNER,0.00011204265347911756
SEAT,3.863539775141985e-05
WAR,0.0002047676080825252
HEAL,4.2498937526561835e-05
GUARD,4.6362477301703824e-05
ESCAPE,8.113433527798169e-05
SPARK,0.00011976973302940154
TRIPPING,3.863539775141985e-05
AYY,0.00023181238650851911
JET,3.863539775141985e-05
HEAT,7.72707955028397e-05
POUR,4.6362477301703824e-05
PAPI,0.00024726654560908705
ROCKS,4.2498937526561835e-05
VE,7.340725572769772e-05
SI,8.113433527798169e-05
PARA,4.6362477301703824e-05
SHORT,4.2498937526561835e-05
SITTING,5.795309662712978e-05
BOMB,6.181663640227176e-05
PLEASURE,4.2498937526561835e-05
STONES,0.00011590619325425956
BONES,0.00011976973302940154
CHAINS,5.022601707684581e-05
MERCY,9.272495460340765e-05
GHOST,0.00023181238650851911
JAR,4.6362477301703824e-05
TEARING,6.954371595255573e-05
DEAR,0.0001274968125796855
KISSED,5.022601707684581e-05
YOURS,0.00014295097168025344
STRONGER,0.0001584051307808214
WED,0.0001043155739288336
DEAL,5.795309662712978e-05
SHIP,4.6362477301703824e-05
EYE,0.0001545415910056794
BADOOM,0.0001313603523548275
INVADING,7.340725572769772e-05
STRANGER,5.408955685198779e-05
POOL,5.022601707684581e-05
ENDED,3.863539775141985e-05
BLUR,3.863539775141985e-05
DANCED,8.113433527798169e-05
FORGOT,5.795309662712978e-05
SKINNY,5.408955685198779e-05
CHANDELIER,4.2498937526561835e-05
DRESS,0.00010817911370397558
DRIFTING,9.272495460340765e-05
BURIED,8.113433527798169e-05
AWE,4.2498937526561835e-05
ORIGINAL,8.113433527798169e-05
DOORS,7.340725572769772e-05
CLOSED,9.272495460340765e-05
LEADS,7.72707955028397e-05
TITANIUM,5.408955685198779e-05
FURTHER,4.6362477301703824e-05
MACHINE,0.0002086311478576672
SPEND,0.00010817911370397558
GATES,6.568017617741374e-05
FLEW,3.863539775141985e-05
RAN,4.6362477301703824e-05
SKIES,5.795309662712978e-05
EXIST,5.795309662712978e-05
HOLDING,0.0001854499092068153
TELLING,0.00012363327280454352
SWISH,6.954371595255573e-05
PICKED,4.2498937526561835e-05
PULLED,8.886141482826565e-05
FELL,0.00013908743190511145
WALKED,0.00011204265347911756
SHOWING,3.863539775141985e-05
MELODY,0.00016226867055596337
MIRACLE,5.408955685198779e-05
ROSE,8.499787505312367e-05
WATCHED,5.795309662712978e-05
LIGHTER,8.113433527798169e-05
SWINGING,3.863539775141985e-05
STARTED,0.00016999575010624734
BURNS,4.6362477301703824e-05
WAVE,0.00014681451145539544
BITCHES,9.272495460340765e-05
RAY,6.568017617741374e-05
STOPPED,4.6362477301703824e-05
USING,5.022601707684581e-05
STUPID,7.340725572769772e-05
WAKING,5.795309662712978e-05
UNIVERSE,5.408955685198779e-05
CAST,4.6362477301703824e-05
BOW,4.2498937526561835e-05
TICKET,4.2498937526561835e-05
INK,7.340725572769772e-05
BEAST,5.022601707684581e-05
LOS,0.00010045203415369161
ANGELES,5.022601707684581e-05
CHRIS,0.0001815863694316733
COUNTRIES,4.6362477301703824e-05
CITIES,3.863539775141985e-05
GREECE,4.6362477301703824e-05
DR,0.0001584051307808214
LAS,4.6362477301703824e-05
LUCK,6.181663640227176e-05
RULES,9.272495460340765e-05
WANTS,0.00023953946605880308
DISTANCE,3.863539775141985e-05
BOYFRIEND,6.181663640227176e-05
GENTLEMAN,5.022601707684581e-05
SNOW,0.0001274968125796855
SPIN,5.408955685198779e-05
HOOK,6.954371595255573e-05
TREAT,0.00010817911370397558
CHEAP,0.00010045203415369161
DIAMOND,0.00014681451145539544
PURE,7.340725572769772e-05
CLOUD,8.113433527798169e-05
BREATHING,0.00014681451145539544
LETTING,6.954371595255573e-05
BLIND,8.113433527798169e-05
RADIOHEAD,5.022601707684581e-05
LIQUOR,7.72707955028397e-05
BLUES,4.2498937526561835e-05
MUSE,5.795309662712978e-05
RINGS,5.795309662712978e-05
LIGHTING,5.022601707684581e-05
BEHAVE,4.6362477301703824e-05
MODERN,4.6362477301703824e-05
TREASURE,0.00011590619325425956
COMFORTABLE,7.72707955028397e-05
SIMPLE,0.0002047676080825252
LOUDER,0.00010817911370397558
LEGGO,5.408955685198779e-05
EMPIRE,6.954371595255573e-05
ANGELS,7.72707955028397e-05
BECOME,0.00016999575010624734
PARE,5.022601707684581e-05
STRESS,4.6362477301703824e-05
ITLL,5.022601707684581e-05
WORSE,3.863539775141985e-05
BLISS,5.022601707684581e-05
SINS,7.72707955028397e-05
TREE,0.0001584051307808214
DARKNESS,5.022601707684581e-05
FINDING,4.6362477301703824e-05
BENEATH,8.113433527798169e-05
FROZEN,5.022601707684581e-05
HILL,0.00011976973302940154
ALTHOUGH,6.954371595255573e-05
BURNING,0.00014681451145539544
PARTS,6.568017617741374e-05
BENT,4.2498937526561835e-05
LEARN,0.0002936290229107909
DUST,7.340725572769772e-05
CLEAN,7.340725572769772e-05
MOUNTAIN,3.863539775141985e-05
MASTER,4.6362477301703824e-05
HALL,6.954371595255573e-05
HERO,5.022601707684581e-05
CHAMPION,5.022601707684581e-05
BUTT,7.340725572769772e-05
CHAINED,3.863539775141985e-05
WRECK,5.408955685198779e-05
ILLUSION,0.00010045203415369161
IMPOSSIBLE,0.0001313603523548275
NASTY,8.113433527798169e-05
RHYMES,4.6362477301703824e-05
GANG,0.00012363327280454352
ROB,4.6362477301703824e-05
BOUNCE,0.00012363327280454352
DRUMS,3.863539775141985e-05
TRAGEDY,4.2498937526561835e-05
DAYLIGHT,5.022601707684581e-05
SUCKER,0.00011204265347911756
OVERDOSE,3.863539775141985e-05
SUGAR,0.0002047676080825252
GEORGIA,7.340725572769772e-05
HELD,8.113433527798169e-05
OFTEN,0.00019317698875709926
SIP,4.2498937526561835e-05
SPREAD,5.022601707684581e-05
TREBLE,6.568017617741374e-05
WEAPON,5.022601707684581e-05
ENEMY,6.954371595255573e-05
FALLEN,5.022601707684581e-05
HISTORY,9.658849437854963e-05
CULTURE,5.022601707684581e-05
CONVERSATION,8.499787505312367e-05
COVERED,4.6362477301703824e-05
CHAINZ,0.00024726654560908705
DRAKE,0.0003399915002124947
RICK,0.00011976973302940154
ROSS,0.00013522389212996947
J,0.000266584244484797
PHARRELL,5.408955685198779e-05
JAY,9.658849437854963e-05
Z,5.022601707684581e-05
LIL,0.0011126994552408916
WAYNE,0.00019704052853224124
JON,0.00010045203415369161
BOYZ,5.408955685198779e-05
MC,4.2498937526561835e-05
PUFF,4.6362477301703824e-05
JT,6.181663640227176e-05
JUNIOR,3.863539775141985e-05
WIT,0.00011204265347911756
DAS,7.340725572769772e-05
PABLO,3.863539775141985e-05
ALICIA,4.2498937526561835e-05
KIM,5.022601707684581e-05
UPTOWN,0.00013908743190511145
WARREN,4.2498937526561835e-05
KHALED,6.568017617741374e-05
TERROR,8.113433527798169e-05
SEAN,0.00016999575010624734
PUSHA,3.863539775141985e-05
T,7.72707955028397e-05
DIGITAL,4.2498937526561835e-05
WALE,6.568017617741374e-05
RYAN,6.954371595255573e-05
LEWIS,9.272495460340765e-05
NAS,6.568017617741374e-05
CHRISTINA,5.022601707684581e-05
BILLS,3.863539775141985e-05
ROOMS,5.022601707684581e-05
SUIT,8.113433527798169e-05
CHRISTIAN,6.954371595255573e-05
DOLLARS,0.00010045203415369161
TOWER,5.408955685198779e-05
OOOH,5.022601707684581e-05
PICKIN,0.00010817911370397558
ADMIT,4.6362477301703824e-05
DRESSED,4.6362477301703824e-05
SEASON,5.022601707684581e-05
ALEXANDER,3.863539775141985e-05
DAUGHTER,5.795309662712978e-05
PRESSURE,5.795309662712978e-05
AUGUST,5.022601707684581e-05
OZUNA,5.022601707684581e-05
X,0.0002086311478576672
TROYE,0.00010817911370397558
SIVAN,0.00010817911370397558
GARRIX,4.6362477301703824e-05
BROOKE,3.863539775141985e-05
CANDY,5.408955685198779e-05
STRIKE,5.022601707684581e-05
CIGARETTES,5.022601707684581e-05
DRUGS,3.863539775141985e-05
ISLAND,5.022601707684581e-05
JOJI,4.2498937526561835e-05
BRIAN,3.863539775141985e-05
MADNESS,5.408955685198779e-05
BILLIE,6.954371595255573e-05
EILISH,6.181663640227176e-05
DOJA,4.2498937526561835e-05
CAT,0.00019704052853224124
TRAVIS,0.0001854499092068153
ORANGE,7.340725572769772e-05
BEN,8.499787505312367e-05
DUA,8.499787505312367e-05
LIPA,0.0001043155739288336
CAMILA,0.00011204265347911756
CABELLO,0.0001043155739288336
MØ,8.886141482826565e-05
DIPLO,8.113433527798169e-05
TYGA,5.795309662712978e-05
RICO,3.863539775141985e-05
AJ,4.6362477301703824e-05
RONSON,5.795309662712978e-05
DANIEL,8.499787505312367e-05
KHALID,0.00012363327280454352
SAINT,0.00010817911370397558
JOHN,0.00022022176718309314
DYLAN,4.2498937526561835e-05
ALLEN,5.408955685198779e-05
POPULAR,4.2498937526561835e-05
LAURA,4.6362477301703824e-05
LES,4.6362477301703824e-05
L,3.863539775141985e-05
MEMORY,0.00011590619325425956
PILL,5.022601707684581e-05
EARLY,6.181663640227176e-05
PHOTOGRAPH,5.022601707684581e-05
ISSUES,5.795309662712978e-05
TAUGHT,4.2498937526561835e-05
CAREFUL,4.2498937526561835e-05
SPONGEBOB,3.863539775141985e-05
BILL,3.863539775141985e-05
ALAN,5.408955685198779e-05
ALEX,4.6362477301703824e-05
EMINEM,5.795309662712978e-05
HERSELF,5.795309662712978e-05
GRIFFIN,4.6362477301703824e-05
LEE,7.340725572769772e-05
JONES,8.499787505312367e-05
K,0.00010045203415369161
ANDY,3.863539775141985e-05
SOUNDTRACK,5.408955685198779e-05
EDIT,3.863539775141985e-05
JACKSON,8.499787505312367e-05
DAFT,4.2498937526561835e-05
PUNK,4.2498937526561835e-05
SIA,0.00010817911370397558
STAYING,5.795309662712978e-05
WOOH,5.022601707684581e-05
HOOO,4.6362477301703824e-05
RISING,7.72707955028397e-05
RUNS,9.272495460340765e-05
USA,4.2498937526561835e-05
LETTER,6.568017617741374e-05
CLOWN,5.022601707684581e-05
CIRCLES,5.022601707684581e-05
SPIRIT,7.72707955028397e-05
HIGHWAY,3.863539775141985e-05
HORSE,5.795309662712978e-05
TKO,8.499787505312367e-05
BODYS,4.2498937526561835e-05
KNOCK,0.00010045203415369161
SUPPOSED,0.00014295097168025344
BELL,3.863539775141985e-05
DAMMIT,8.113433527798169e-05
FINISHED,4.2498937526561835e-05
O,7.340725572769772e-05
STOPPING,3.863539775141985e-05
GRAVE,0.00020090406830738323
LEGEND,8.886141482826565e-05
REMEMBERED,5.408955685198779e-05
STRANGERS,0.00024340300583394506
DOO,8.886141482826565e-05
BANG,0.0002897654831356489
APPLAUSE,7.340725572769772e-05
THEORY,4.2498937526561835e-05
SIR,4.2498937526561835e-05
ART,6.181663640227176e-05
RIVER,0.0001274968125796855
GROW,4.2498937526561835e-05
EITHER,6.568017617741374e-05
POM,6.181663640227176e-05
POMS,6.181663640227176e-05
THRILL,6.568017617741374e-05
VISIT,4.6362477301703824e-05
GROVES,0.00025113008538422905
RCA,7.340725572769772e-05
WHOM,8.499787505312367e-05
CONSIDERED,8.886141482826565e-05
HAPPENED,5.408955685198779e-05
DUE,3.863539775141985e-05
TELLS,9.272495460340765e-05
E,8.886141482826565e-05
SEARCH,4.2498937526561835e-05
RECOGNIZED,3.863539775141985e-05
EP,0.0003631727388633466
OFFER,4.2498937526561835e-05
NEARLY,4.2498937526561835e-05
CONFIDENT,4.6362477301703824e-05
HOWEVER,5.022601707684581e-05
COOKING,3.863539775141985e-05
LE,9.658849437854963e-05
WASTING,5.408955685198779e-05
WRITING,5.022601707684581e-05
KYLE,5.408955685198779e-05
WORKED,5.022601707684581e-05
ONTO,7.340725572769772e-05
FOLLOWING,0.00012363327280454352
TOUR,6.181663640227176e-05
THIRD,8.499787505312367e-05
BEGAN,5.408955685198779e-05
SAM,0.0001043155739288336
HEARING,4.6362477301703824e-05
ACCORDING,5.795309662712978e-05
BLAKE,4.6362477301703824e-05
ORDER,5.408955685198779e-05
NAMED,3.863539775141985e-05
FOLLOWED,4.6362477301703824e-05
DURING,9.272495460340765e-05
RECORDED,8.886141482826565e-05
HAPPIER,6.181663640227176e-05
SHOP,4.6362477301703824e-05
SUNDAY,4.2498937526561835e-05
FRANK,8.113433527798169e-05
CHAPTER,3.863539775141985e-05
TOWARD,3.863539775141985e-05
WHEREVER,9.272495460340765e-05
GIFT,3.863539775141985e-05
NEEDLE,5.795309662712978e-05
STOOD,4.6362477301703824e-05
WEATHER,5.022601707684581e-05
CASE,0.0001545415910056794
COFFEE,5.408955685198779e-05
BIRDS,5.022601707684581e-05
FEARS,3.863539775141985e-05
SATURDAY,7.340725572769772e-05
JUICY,4.2498937526561835e-05
BIRD,7.72707955028397e-05
KARMA,4.2498937526561835e-05
DREW,5.022601707684581e-05
MAP,8.499787505312367e-05
DARKEST,8.113433527798169e-05
ROADS,4.6362477301703824e-05
DAVE,5.022601707684581e-05
EHEU,0.00012363327280454352
HILLS,8.499787505312367e-05
BEGIN,6.568017617741374e-05
DEVILS,3.863539775141985e-05
LIFT,0.00011976973302940154
ADORE,4.2498937526561835e-05
ACE,5.408955685198779e-05
PAPER,5.408955685198779e-05
DELUXE,4.6362477301703824e-05
STUNTING,3.863539775141985e-05
YOUNGBOY,4.6362477301703824e-05
TY,0.00016999575010624734
DOLLA,0.00016613221033110536
QUAVO,9.658849437854963e-05
OFFSET,5.795309662712978e-05
LAMAR,0.0002936290229107909
YG,4.6362477301703824e-05
ALI,3.863539775141985e-05
LUV,4.2498937526561835e-05
NICKY,3.863539775141985e-05
POST,0.0001815863694316733
MEEK,8.499787505312367e-05
MILL,8.886141482826565e-05
JEREMIH,5.408955685198779e-05
SWAE,4.2498937526561835e-05
FETTY,8.499787505312367e-05
WAP,9.272495460340765e-05
Ü,5.408955685198779e-05
SKRILLEX,4.2498937526561835e-05
FERG,6.568017617741374e-05
MIGOS,8.886141482826565e-05
OK,6.568017617741374e-05
LEGS,4.6362477301703824e-05
WIFE,6.181663640227176e-05
II,8.886141482826565e-05
MS,3.863539775141985e-05
AKON,4.2498937526561835e-05
WILSON,5.022601707684581e-05
FRENCH,0.00010045203415369161
MONTANA,0.00011976973302940154
FATE,4.6362477301703824e-05
SILVER,4.6362477301703824e-05
JORDAN,3.863539775141985e-05
ASKED,6.954371595255573e-05
USUALLY,7.72707955028397e-05
XX,4.6362477301703824e-05
LIKES,5.022601707684581e-05
IMAGE,4.2498937526561835e-05
BEYONCÉ,0.0001043155739288336
GRIPS,4.2498937526561835e-05
DAWN,8.499787505312367e-05
FT,0.0021674458138546534
KINGDOM,5.408955685198779e-05
BOOGIE,0.00011204265347911756
HOODIE,8.113433527798169e-05
Q,6.181663640227176e-05
TRAP,8.113433527798169e-05
HORIZON,3.863539775141985e-05
CHEAT,6.181663640227176e-05
CODES,6.181663640227176e-05
JOEL,5.022601707684581e-05
MARSHMELLO,5.795309662712978e-05
UNITED,6.954371595255573e-05
ROBBIE,4.2498937526561835e-05
UNLIKE,6.954371595255573e-05
PLUTO,6.181663640227176e-05
YUNG,0.00013908743190511145
ANTHONY,3.863539775141985e-05
MAX,0.00010045203415369161
BRYSON,5.795309662712978e-05
TILLER,5.795309662712978e-05
ELLE,4.6362477301703824e-05
VINCE,6.954371595255573e-05
STAPLES,7.340725572769772e-05
AARON,4.2498937526561835e-05
AMBER,3.863539775141985e-05
CHLOE,4.6362477301703824e-05
XO,3.863539775141985e-05
BELLINGER,4.2498937526561835e-05
FLETCHER,5.408955685198779e-05
GALANTIS,7.340725572769772e-05
BUDDY,4.6362477301703824e-05
JULIA,5.795309662712978e-05
SATURN,6.954371595255573e-05
DURK,5.022601707684581e-05
LOADED,5.022601707684581e-05
SZA,8.113433527798169e-05
METAL,3.863539775141985e-05
PT,8.113433527798169e-05
GRAY,5.408955685198779e-05
NATEWANTSTOBATTLE,4.2498937526561835e-05
MAC,6.181663640227176e-05
DEMARCO,4.2498937526561835e-05
TEE,4.2498937526561835e-05
GRIZZLEY,4.2498937526561835e-05
KIIARA,5.408955685198779e-05
LUKE,5.022601707684581e-05
BLACKBEAR,5.022601707684581e-05
GORILLAZ,4.2498937526561835e-05
MIA,5.022601707684581e-05
MONSTERS,5.408955685198779e-05
MATT,6.181663640227176e-05
LAZER,0.00012363327280454352
APOLLO,4.6362477301703824e-05
ACOUSTIC,4.6362477301703824e-05
KEVIN,6.568017617741374e-05
ZERO,4.6362477301703824e-05
LUH,0.0004211258354904764
OLIVER,6.568017617741374e-05
DILLON,4.2498937526561835e-05
FRANCIS,7.72707955028397e-05
SEEB,5.408955685198779e-05
ST,8.886141482826565e-05
SAVAGE,0.0001545415910056794
WALKER,0.00011204265347911756
TRIPPIE,4.2498937526561835e-05
REDD,3.863539775141985e-05
PLANET,4.6362477301703824e-05
DENZEL,5.022601707684581e-05
CURRY,5.795309662712978e-05
WEBSTER,3.863539775141985e-05
JACOB,5.022601707684581e-05
PNK,4.6362477301703824e-05
PUMP,7.340725572769772e-05
LOCAL,3.863539775141985e-05
GARDEN,4.2498937526561835e-05
C,5.022601707684581e-05
HOWARD,3.863539775141985e-05
BON,0.00016999575010624734
IVER,3.863539775141985e-05
FONSI,3.863539775141985e-05
DABABY,4.2498937526561835e-05
WIZKID,4.6362477301703824e-05
ALESSIA,5.795309662712978e-05
CARA,6.181663640227176e-05
CARDI,0.00028590194336050687
ASTRID,4.6362477301703824e-05
S,0.0001043155739288336
SHADOWS,5.795309662712978e-05
GUAPDAD,3.863539775141985e-05
KYGO,5.795309662712978e-05
GEORGE,3.863539775141985e-05
OLIVIA,5.795309662712978e-05
ROCKIT,4.2498937526561835e-05
GAMING,4.2498937526561835e-05
SOFI,3.863539775141985e-05
TUKKER,3.863539775141985e-05
DIVINE,5.795309662712978e-05
JEAN,5.795309662712978e-05
TIM,4.2498937526561835e-05
INTERNET,3.863539775141985e-05
ROYAL,3.863539775141985e-05
AMY,3.863539775141985e-05
SHADE,3.863539775141985e-05
BENJAMIN,5.795309662712978e-05
EMILY,4.6362477301703824e-05
LIAM,8.886141482826565e-05
HARRY,5.022601707684581e-05
HUDSON,4.6362477301703824e-05
CUBE,4.2498937526561835e-05
ONEREPUBLIC,7.340725572769772e-05
WEEKND,0.00019704052853224124
SUNRISE,7.340725572769772e-05
WARD,3.863539775141985e-05
ZARA,7.340725572769772e-05
LARSSON,7.340725572769772e-05
ZAYN,5.408955685198779e-05
STEVE,8.113433527798169e-05
NORTH,6.181663640227176e-05
FOREST,7.340725572769772e-05
JIMMY,4.6362477301703824e-05
AOKI,4.6362477301703824e-05
REPEAT,6.181663640227176e-05
SEEMED,4.2498937526561835e-05
FEATURING,5.022601707684581e-05
DU,7.340725572769772e-05
DER,0.0001274968125796855
ADAMS,5.408955685198779e-05
JAN,3.863539775141985e-05
ICH,8.113433527798169e-05
FOX,5.022601707684581e-05
LUKAS,4.6362477301703824e-05
GRAHAM,5.022601707684581e-05
CASPER,7.72707955028397e-05
MODE,6.568017617741374e-05
JOE,4.2498937526561835e-05
LIEBE,6.181663640227176e-05
TYLER,0.00011976973302940154
FISH,5.795309662712978e-05
CRO,4.6362477301703824e-05
FLORENCE,4.2498937526561835e-05
SYMPATHY,3.863539775141985e-05
JUDE,5.795309662712978e-05
IRON,3.863539775141985e-05
DES,5.022601707684581e-05
JESSIE,5.408955685198779e-05
MARC,4.6362477301703824e-05
COLDPLAY,0.0001274968125796855
KARAT,5.795309662712978e-05
ELLIE,4.6362477301703824e-05
GOULDING,4.6362477301703824e-05
VON,5.408955685198779e-05
DOUBLE,4.6362477301703824e-05
VAMOS,3.863539775141985e-05
VAN,3.863539775141985e-05
LEON,3.863539775141985e-05
MA,5.408955685198779e-05
AVICII,3.863539775141985e-05
FAIRYTALE,3.863539775141985e-05
ALLE,4.6362477301703824e-05
TRUMPETS,4.2498937526561835e-05
CHANGES,4.6362477301703824e-05
ROBIN,4.2498937526561835e-05
BAE,8.886141482826565e-05
DRY,5.795309662712978e-05
OLE,0.0001854499092068153
OLA,6.954371595255573e-05
MUNDO,5.408955685198779e-05
DRINKIN,6.181663640227176e-05
THUS,0.00010817911370397558
FUCKED,0.00012363327280454352
ANACONDA,5.022601707684581e-05
PURSE,5.408955685198779e-05
MOTION,5.795309662712978e-05
KINDNESS,9.272495460340765e-05
DISGUISE,5.795309662712978e-05
PLAGUE,5.795309662712978e-05
REASONS,0.00014295097168025344
OFFICE,6.181663640227176e-05
LEGENDARY,8.499787505312367e-05
GRAVES,6.568017617741374e-05
VOL,8.113433527798169e-05
GOLDLINK,4.2498937526561835e-05
DOOM,3.863539775141985e-05
KATE,3.863539775141985e-05
NOAH,5.022601707684581e-05
AMBASSADORS,4.6362477301703824e-05
SOULS,6.954371595255573e-05
JOEY,0.0001043155739288336
FESTIVAL,3.863539775141985e-05
BATH,6.954371595255573e-05
VERSION,6.568017617741374e-05
BUNNY,4.6362477301703824e-05
BALVIN,6.954371595255573e-05
CAESAR,4.2498937526561835e-05
MUSTARD,4.2498937526561835e-05
WINDOWS,6.568017617741374e-05
ETERNAL,4.2498937526561835e-05
CANNONBALL,5.795309662712978e-05
WORSHIP,3.863539775141985e-05
SAN,6.181663640227176e-05
EDITION,4.2498937526561835e-05
CHAOS,3.863539775141985e-05
SPEED,0.00013908743190511145
VOICES,8.499787505312367e-05
DOM,5.022601707684581e-05
PEEP,4.6362477301703824e-05
TORY,5.408955685198779e-05
LANEZ,5.022601707684581e-05
FIKIR,6.181663640227176e-05
FUNK,0.00012363327280454352
STARVING,4.2498937526561835e-05
RITUAL,5.408955685198779e-05
HURTING,0.0001043155739288336
NEEDING,7.72707955028397e-05
COLE,6.181663640227176e-05
CALM,3.863539775141985e-05
FIFTY,5.022601707684581e-05
KEHLANI,7.72707955028397e-05
REALITY,5.795309662712978e-05
CURE,6.568017617741374e-05
STUDIOS,5.795309662712978e-05
STARBOY,5.795309662712978e-05
STITCHES,8.499787505312367e-05
ENTIRELY,4.2498937526561835e-05
WID,8.499787505312367e-05
RETURNED,5.022601707684581e-05
TAKEAWAY,7.340725572769772e-05
SAT,5.408955685198779e-05
ELASTIC,4.2498937526561835e-05
SHARP,7.72707955028397e-05
CLEARLY,4.6362477301703824e-05
TYPICAL,3.863539775141985e-05
HIGHS,8.499787505312367e-05
LOWS,6.181663640227176e-05
HUSBAND,5.022601707684581e-05
REXHA,8.886141482826565e-05
CENTURY,4.6362477301703824e-05
GENIE,5.408955685198779e-05
RUB,3.863539775141985e-05
TEQUILA,5.022601707684581e-05
TINASHE,6.568017617741374e-05
MARVIN,5.022601707684581e-05
SALT,5.408955685198779e-05
RA,0.00014295097168025344
BLOWN,6.181663640227176e-05
LYIN,3.863539775141985e-05
HARDLY,5.795309662712978e-05
LIVED,3.863539775141985e-05
BALLER,7.72707955028397e-05
CURIOUS,6.181663640227176e-05
OXYGEN,6.954371595255573e-05
POSSIBLY,3.863539775141985e-05
NEFASTIS,5.795309662712978e-05
MUCHO,0.00010045203415369161
HED,3.863539775141985e-05
OEDIPA,0.00032453734111192675
DRIVEN,4.2498937526561835e-05
SILENT,4.2498937526561835e-05
NIGHTMARE,4.2498937526561835e-05
OWING,5.795309662712978e-05
PROFESSOR,3.863539775141985e-05
ENGLISH,4.6362477301703824e-05
HORN,7.340725572769772e-05
AMONG,0.00020090406830738323
CERTAIN,0.00016999575010624734
STRING,5.022601707684581e-05
SKULL,4.2498937526561835e-05
PERHAPS,8.886141482826565e-05
DESTROYED,5.795309662712978e-05
ENGLAND,4.2498937526561835e-05
MERE,4.6362477301703824e-05
BUS,4.2498937526561835e-05
GREEK,5.795309662712978e-05
SHAPE,7.72707955028397e-05
LARGE,4.6362477301703824e-05
SUICIDE,0.0001313603523548275
SUICIDES,4.6362477301703824e-05
HILARIUS,8.499787505312367e-05
FIELD,5.022601707684581e-05
HOUSES,5.022601707684581e-05
RALLY,9.272495460340765e-05
ITSELF,4.2498937526561835e-05
ANCIENT,9.658849437854963e-05
PINCH,4.2498937526561835e-05
COMPUTER,4.6362477301703824e-05
CHAIR,5.022601707684581e-05
FAMILIAR,4.6362477301703824e-05
PROCESS,3.863539775141985e-05
TASTED,3.863539775141985e-05
HORRIBLE,5.795309662712978e-05
ACCOUNT,5.408955685198779e-05
RABBIT,3.863539775141985e-05
DAYA,6.181663640227176e-05
THRILLS,6.954371595255573e-05
FIFTH,7.340725572769772e-05
HARMONY,8.113433527798169e-05
PILOTS,7.340725572769772e-05
STRESSED,4.2498937526561835e-05
MATY,5.022601707684581e-05
NOYES,5.022601707684581e-05
LEAN,5.408955685198779e-05
HYMN,4.6362477301703824e-05
BEYONCE,4.6362477301703824e-05
FLUME,5.022601707684581e-05
LOGIC,8.499787505312367e-05
SNAKEHIPS,3.863539775141985e-05
HAILEE,4.2498937526561835e-05
STEINFELD,4.2498937526561835e-05
DRAM,3.863539775141985e-05
YACHTY,5.408955685198779e-05
INSTANCE,3.863539775141985e-05
GHOSTS,8.113433527798169e-05
WALKIN,4.2498937526561835e-05
BELONGS,4.6362477301703824e-05
EX,7.72707955028397e-05
PICKY,0.00014681451145539544
KILLS,7.340725572769772e-05
FIRES,4.2498937526561835e-05
ELECTRIC,6.568017617741374e-05
LAUNDRY,3.863539775141985e-05
TOOTHBRUSH,4.6362477301703824e-05
ENTITY,3.863539775141985e-05
WONDERTAINMENTS,3.863539775141985e-05
TOMB,4.2498937526561835e-05
CORPSE,9.658849437854963e-05
FARM,4.6362477301703824e-05
SHEEP,5.795309662712978e-05
FLESH,5.795309662712978e-05
LUCAS,5.795309662712978e-05
ANOMALOUS,4.2498937526561835e-05
TRADITION,5.795309662712978e-05
VICTIMS,5.795309662712978e-05
SHALL,4.2498937526561835e-05
GRACE,3.863539775141985e-05
VIOLENCE,5.795309662712978e-05
VAMPIRISM,3.863539775141985e-05
GENERALLY,5.022601707684581e-05
DISTRICT,5.022601707684581e-05
WHILST,4.6362477301703824e-05
REMARKED,3.863539775141985e-05
ACCORDINGLY,3.863539775141985e-05
VAMPIRE,0.0004868060116678901
CURSE,4.6362477301703824e-05
REGARDED,6.568017617741374e-05
WRITES,4.2498937526561835e-05
PARTICULAR,4.6362477301703824e-05
PARTICULARLY,3.863539775141985e-05
DISTRICTS,4.2498937526561835e-05
WOLVES,4.2498937526561835e-05
EXPLANATION,4.2498937526561835e-05
DUSK,6.181663640227176e-05
THEE,4.2498937526561835e-05
APPEAR,4.2498937526561835e-05
NOS,4.2498937526561835e-05
QUI,3.863539775141985e-05
HAARMANN,8.499787505312367e-05
GRANS,3.863539775141985e-05
SHALLOW,8.113433527798169e-05
FELIX,5.795309662712978e-05
UZI,9.272495460340765e-05
VERT,7.340725572769772e-05
SPOTIFY,6.954371595255573e-05
WHYD,3.863539775141985e-05
PEP,8.886141482826565e-05
CLAPPERS,0.00022408530695823512
QUIERO,8.499787505312367e-05
BAILAR,5.795309662712978e-05
PERO,4.6362477301703824e-05
SÉ,3.863539775141985e-05
QUIERE,5.795309662712978e-05
TOMLINSON,4.2498937526561835e-05
MALONE,9.658849437854963e-05
NYC,3.863539775141985e-05
QUINN,6.954371595255573e-05
XCII,6.568017617741374e-05
APPÉTIT,6.181663640227176e-05
DESPACITO,5.408955685198779e-05
SUBE,5.022601707684581e-05
VER,3.863539775141985e-05
BOM,5.408955685198779e-05
LENTO,6.181663640227176e-05
STAMINA,7.72707955028397e-05
CREATOR,0.0001043155739288336
BROCKHAMPTON,4.6362477301703824e-05
CARTI,5.408955685198779e-05
PLAYBOI,4.2498937526561835e-05
YANKEE,4.2498937526561835e-05
REGGAETÓN,5.022601707684581e-05
MUÉVETE,3.863539775141985e-05
PAYNE,6.568017617741374e-05
WEEZER,0.0001043155739288336
AMA,8.113433527798169e-05
BAUSA,8.113433527798169e-05
TRETTMANN,5.408955685198779e-05
ALBEN,4.2498937526561835e-05
ROCKSTAR,3.863539775141985e-05
RAF,5.795309662712978e-05
CAMORA,5.795309662712978e-05
XXXTENTACION,6.568017617741374e-05
MUEVE,4.6362477301703824e-05
BOUNCIN,8.113433527798169e-05
BU,5.795309662712978e-05
BIR,5.408955685198779e-05
CALMA,4.2498937526561835e-05
